{
  "project_info": {
    "project_number": "777902607169",
    "project_id": "skillsphereu",
    "storage_bucket": "skillsphereu.appspot.com"
  },
  "client": [
    {
      "client_info": {
        "mobilesdk_app_id": "1:777902607169:android:bffbfdc92adde6d0852fc0",
        "android_client_info": {
          "package_name": "com.example.skillsphere"
        }
      },
      "oauth_client": [],
      "api_key": [
        {
          "current_key": "AIzaSyA5dQPDbMjlkUmOHKSuBI5A3uGCq2DdNh4"
        }
      ],
      "services": {
        "appinvite_service": {
          "other_platform_oauth_client": []
        }
      }
    }
  ],
  "configuration_version": "1"
}